{"int": 3.007059017224048, "coefs": [0.32904886814967865, 1.2814287234396815, -0.09117472935583026, 0.3272185765034993, 0.8956722596551653, -2.5384046011587618, -0.11589101517245484, -0.2731650266838722, -0.35421760092147647, -0.1637309080311392, 0.1378462573606469, 1.0891292876321441, 0.358490368197577, 0.4536820811527689, -0.0017866367633638219, -0.3168463548687366, -0.23370030943375938, 24.393581738117813, 20.167105705341005, 19.191300875967737, 22.313117623044235, 8.38295185014727, -8.004481082150798, -6.7105437628576015, -8.68249393477084, -3.7261454652851365, 2.427107763819151, 9.117970043395967, -18.770471741809626, -17.279943850263106, -9.017455690687868, -11.434196447981673, 2.585849971647688, 1.2452259674024655]}